url,name,address,city,state,phone
http://www.schwartzgedeondental.com/,Results,"îƒˆ604 4th St, Niagara Falls, NY 14301",Niagara Falls,NY,î‚°(716) 282-1402
"https://www.aspendental.com/dentist/ny/niagara-falls/7426-niagara-falls-blvd?utm_source=googleplaces&utm_medium=lociqgoogleplaces&utm_campaign=Niagara-Falls,NY-Niagara-Falls_NY-3158&utm_content=listing",Results,"îƒˆ7426 Niagara Falls Blvd, Niagara Falls, NY 14304",Niagara Falls,NY,î‚°(716) 371-4284
http://adcsmile.com/,Results,"îƒˆ9501 Niagara Falls Blvd, Niagara Falls, NY 14304",Niagara Falls,NY,î‚°(716) 297-1711
http://aspirefamilydental.com/,Results,"îƒˆ1705 Pine Ave, Niagara Falls, NY 14301",Niagara Falls,NY,î‚°(716) 284-0110
https://www.drbobsdentalcare.com/?utm_source=google.com&utm_medium=business+profile,Results,"îƒˆ8875 Porter Rd, Niagara Falls, NY 14304",Niagara Falls,NY,î‚°(716) 657-2550
https://www.dentalcareassociates.com/,Results,"îƒˆ2145 Lancelot Dr, Niagara Falls, NY 14304",Niagara Falls,NY,î‚°(716) 297-1644
http://www.alliancefamilydental.net/,Results,"îƒˆ746 Main St, Niagara Falls, NY 14301",Niagara Falls,NY,î‚°(716) 282-4641
http://www.marronedentistry.com/,Results,"îƒˆ2840 Military Rd, Niagara Falls, NY 14304",Niagara Falls,NY,î‚°(716) 284-9987
https://www.gobuffalodental.com/,Results,"îƒˆ2103 Sawyer Dr, Niagara Falls, NY 14304",Niagara Falls,NY,î‚°(716) 283-5800
https://www.mycaredentalcentre.com/site/home?utm_source=G&utm_medium=LPM&utm_campaign=DentalCorp,Results,"îƒˆ6015 McLeod Rd, Niagara Falls, ON L2G 3E6, Canada",ON L2G 3E6,Canada,î‚°+1 289-271-8054
http://wheatfieldfamilydentistry.com/,Results,"îƒˆ3349 Niagara Falls Blvd, North Tonawanda, NY 14120",North Tonawanda,NY,î‚°(716) 694-1777
http://www.hoffmandentistry.com/,Results,"îƒˆ6932 Williams Rd #1900, Niagara Falls, NY 14304",Niagara Falls,NY,î‚°(716) 297-1675
http://boulevardfamilydental.com/,Results,"îƒˆ3448 Niagara Falls Blvd, North Tonawanda, NY 14120",North Tonawanda,NY,î‚°(716) 807-0999
http://www.dentistryonthefalls.com/,Results,"îƒˆ5628 Main St, Niagara Falls, ON L2G 5Z3, Canada",ON L2G 5Z3,Canada,î‚°+1 905-374-2295
http://www.familydentistwny.com/,Results,"îƒˆ7208 Buffalo Ave, Niagara Falls, NY 14304",Niagara Falls,NY,î‚°(716) 283-3314
https://dentistniagarafalls.com/,Results,"îƒˆ4209 Portage Rd, Niagara Falls, ON L2E 6A2, Canada",ON L2E 6A2,Canada,î‚°+1 289-271-1884
http://www.chcb.net/,Results,"îƒˆ2715 Highland Ave, Niagara Falls, NY 14305",Niagara Falls,NY,î‚°(716) 986-9199
https://monarchdentistry.ca/,Results,"îƒˆ6453 Morrison St Unit 108, Niagara Falls, ON L2E 2G5, Canada",ON L2E 2G5,Canada,î‚°+1 289-271-2911
https://www.fallsfamilydental.ca/site/home?utm_source=G&utm_medium=LPM&utm_campaign=DentalCorp,Results,"îƒˆ3486 Portage Rd, Niagara Falls, ON L2J 2K4, Canada",ON L2J 2K4,Canada,î‚°+1 289-302-7172
https://www.applebaydental.com/?utm_source=GMB_Listing&utm_medium=organic&utm_campaign=Website_URL,Results,"îƒˆ6874 Kalar Rd #2, Niagara Falls, ON L2H 2T3, Canada",ON L2H 2T3,Canada,î‚°+1 289-402-5982
https://monarchdentistryniagarafalls.com/?utm_source=GoogleOrganic&utm_medium=GMBwebsite&utm_campaign=GMBWebsiteLink,Results,"îƒˆ7107 Kalar Rd Unit 3, Niagara Falls, ON L2H 2J6, Canada",ON L2H 2J6,Canada,î‚°+1 905-367-0596
http://www.empiredentaloffice.ca/,Results,"îƒˆ6641 Lundy's Ln, Niagara Falls, ON L2G 1V3, Canada",ON L2G 1V3,Canada,î‚°+1 905-357-6453
https://www.manenteortho.com/,Results,"îƒˆ2840 Military Rd, Niagara Falls, NY 14304",Niagara Falls,NY,î‚°(716) 285-3588
https://niagarafallsdentalclinic.com/,Results,"îƒˆ4728 Dorchester Rd #3, Niagara Falls, ON L2E 7H9, Canada",ON L2E 7H9,Canada,î‚°+1 905-358-8586
https://niagarafalls-dentistry.ca/,Results,"îƒˆ4025 Dorchester Rd, Niagara Falls, ON L2E 7K8, Canada",ON L2E 7K8,Canada,î‚°+1 905-354-6565
http://www.drtortorella.com/,Results,"îƒˆ4444 Drummond Rd, Niagara Falls, ON L2E 6C6, Canada",ON L2E 6C6,Canada,î‚°+1 289-271-0021
https://pinewooddentalcare.com/,Results,"îƒˆ8302 McLeod Rd #1, Niagara Falls, ON L2H 3K1, Canada",ON L2H 3K1,Canada,î‚°+1 905-356-1900
https://northtonawandafamilydentistry.com/,Results,"îƒˆ301 Meadow Dr #7, North Tonawanda, NY 14120",North Tonawanda,NY,î‚°(716) 692-2273
https://creeksidefamilydentalcare.ca/,Results,"îƒˆ3989 Main St, Niagara Falls, ON L2G 6B9, Canada",ON L2G 6B9,Canada,î‚°+1 905-295-3011
https://www.montrosedental.ca/site/home?utm_source=G&utm_medium=LPM&utm_campaign=DentalCorp,Results,"îƒˆ6586 Thorold Stone Rd, Niagara Falls, ON L2J 1B3, Canada",ON L2J 1B3,Canada,î‚°+1 289-402-8977
https://tupmandentistry.com/,Results,"îƒˆ6271 Regional Rd 57, Niagara Falls, ON L2J 1A8, Canada",ON L2J 1A8,Canada,î‚°+1 905-358-6684
https://schwartzgedeondental.com/ourpractice/gedeon.html,Results,"îƒˆ604 4th St, Niagara Falls, NY 14301",Niagara Falls,NY,î‚°(716) 282-1402
http://toothharmony.com/,Results,"îƒˆ8685 Lundy's Ln, Niagara Falls, ON L2H 1H4, Canada",ON L2H 1H4,Canada,î‚°+1 905-354-9991
https://woodstreamdentalwny.com/,Results,"îƒˆ2113 Sawyer Dr, Niagara Falls, NY 14304",Niagara Falls,NY,î‚°(716) 731-3141
http://www.northtowndentistry.com/,Results,"îƒˆ4725 Dorchester Rd Unit B-2, Niagara Falls, ON L2E 0A8, Canada",ON L2E 0A8,Canada,î‚°+1 905-354-1234
http://niagaradentistry.ca/,Results,"îƒˆ5709 Main St, Niagara Falls, ON L2G 5Z3, Canada",ON L2G 5Z3,Canada,î‚°+1 905-358-9513
https://www.aspendental.com/providers/Sarah-DeFries/1437720695/?utm_source=googleplaces&utm_medium=lociqgoogleplaces&utm_campaign=&utm_content=listing,Results,"îƒˆ7426 Niagara Falls Blvd, Niagara Falls, NY 14304",Niagara Falls,NY,î‚°(716) 371-4284
https://bettersmileofwny.com/,Results,"îƒˆ2896 Grand Island Blvd, Grand Island, NY 14072",Grand Island,NY,î‚°(716) 773-7074
http://www.gracifamilydental.com/,Results,"îƒˆ5320 Military Rd Ste 101, Lewiston, NY 14092",Lewiston,NY,î‚°(716) 298-3384
https://delvecchiodentistry.com/,Results,"îƒˆ6746 Morrison St, Niagara Falls, ON L2E 6Z8, Canada",ON L2E 6Z8,Canada,î‚°+1 905-374-4488
http://www.kalardental.ca/,Results,"îƒˆ8279 Lundy's Ln A10, Niagara Falls, ON L2H 1H5, Canada",ON L2H 1H5,Canada,î‚°+1 905-358-5665
https://www.frizzelldental.com/,Results,"îƒˆ6144 McLeod Rd Unit-3, Niagara Falls, ON L2G 7P5, Canada",ON L2G 7P5,Canada,î‚°+1 905-356-8613
http://www.imaginedental.ca/,Results,"îƒˆ7481 Oakwood Dr #302, Niagara Falls, ON L2G 0J5, Canada",ON L2G 0J5,Canada,î‚°+1 365-222-5054
https://www.villageortho.ca/site/contact-us-orthodontist-niagara-falls,Results,"îƒˆ3950 Portage Rd, Niagara Falls, ON L2J 1A3, Canada",ON L2J 1A3,Canada,î‚°+1 905-371-8887
http://www.kamatovicortho.com/,Results,"îƒˆ5400 Portage Rd 2nd Floor, Niagara Falls, ON L2G 5X7, Canada",ON L2G 5X7,Canada,î‚°+1 905-356-7919
https://chcb.net/niagara-falls/,Results,"îƒˆ2715 Highland Ave, Niagara Falls, NY 14305",Niagara Falls,NY,î‚°(716) 986-9199
http://wnydental.com/?utm_source=gbp&utm_medium=organic&utm_campaign=yext_listing,Results,"îƒˆ88 Niagara St, Tonawanda, NY 14150",Tonawanda,NY,î‚°(716) 350-2589
http://www.dentalcareassociates.com/,Results,"îƒˆ2145 Lancelot Dr, Niagara Falls, NY 14304",Niagara Falls,NY,î‚°(716) 297-1644
http://www.lundysdental.ca/,Results,"îƒˆ8123 Lundy's Ln, Niagara Falls, ON L2H 3G5, Canada",ON L2H 3G5,Canada,î‚°+1 905-371-8282
https://www.dentalcareassociates.com/meet-us/christopher-p-englert-dds/,Results,"îƒˆ2145 Lancelot Dr, Niagara Falls, NY 14304",Niagara Falls,NY,î‚°(716) 298-3567
http://drlococodental.com/,Results,"îƒˆ5709 Main St, Niagara Falls, ON L2G 5Z3, Canada",ON L2G 5Z3,Canada,î‚°+1 905-356-3755
https://niagaraoralsurgery.com/,Results,"îƒˆ5470 Drummond Rd, Niagara Falls, ON L2G 4K9, Canada",ON L2G 4K9,Canada,î‚°+1 905-353-0117
http://nfmmc.org/,Results,"îƒˆ621 10th St, Niagara Falls, NY 14301",Niagara Falls,NY,î‚°(716) 278-4000
https://www.dentistryonmcleod.com/,Results,"îƒˆ6840 McLeod Rd, Niagara Falls, ON L2G 3G6, Canada",ON L2G 3G6,Canada,î‚°+1 905-354-3005
http://www.stclairdentalniagara.ca/,Results,"îƒˆ4674 St Clair Ave, Niagara Falls, ON L2S 3S8, Canada",ON L2S 3S8,Canada,î‚°+1 905-356-6000
https://niagaradentalcentre.com/,Results,"îƒˆ4056 Dorchester Rd, Niagara Falls, ON L2E 6M9, Canada",ON L2E 6M9,Canada,î‚°+1 905-356-0222
http://www.bespokedentures.ca/,Results,"îƒˆ5652 Main St, Niagara Falls, ON L2G 5Z3, Canada",ON L2G 5Z3,Canada,î‚°+1 905-357-5542
https://www.totalreliefemergencydental.care/locations/niagara-falls-new-york/,Results,"îƒˆ324 Niagara St, Niagara Falls, NY 14303",Niagara Falls,NY,î‚°(716) 356-4815
https://www.hishinedentureclinic.ca/,Results,"îƒˆ6710 Drummond Rd Unit 9, Niagara Falls, ON L2G 4P1, Canada",ON L2G 4P1,Canada,î‚°+1 289-296-7309
http://nfchc.ca/,Results,"îƒˆ4790 Victoria Ave, Niagara Falls, ON L2E 4C2, Canada",ON L2E 4C2,Canada,î‚°+1 905-356-4222
https://www.oracaredentalniagara.com/,Results,"îƒˆ6383 Drummond Rd, Niagara Falls, ON L2G 4N2, Canada",ON L2G 4N2,Canada,î‚°+1 905-371-8885
http://www.niagaradentureclinic.com/,Results,"îƒˆ5501 Drummond Rd, Niagara Falls, ON L2G 4L2, Canada",ON L2G 4L2,Canada,î‚°+1 905-353-1552
https://www.dentalcareniagara.com/,Results,"îƒˆ1630 Four Mile Creek Rd, Niagara-on-the-Lake, ON L0S 1J0, Canada",ON L0S 1J0,Canada,î‚°+1 905-468-5656
https://www.clearchoice.com/locations/ny/amherst/500-corporate-pkwy/?trans_id=bufyextlisting&utm_source=yext&utm_medium=listing&utm_term=buffalo&utm_campaign=yextbutton,Results,"îƒˆ500 Corporate Pkwy #122, Amherst, NY 14226",Amherst,NY,î‚°(716) 271-0890
http://www.aspirefamilydental.com/,Results,"îƒˆ1705 Pine Ave Apt 2, Niagara Falls, NY 14301",Niagara Falls,NY,î‚°(716) 284-0110
http://www.mcculloughgroup.ca/,Results,"îƒˆ3690 Portage Rd, Niagara Falls, ON L2J 2K9, Canada",ON L2J 2K9,Canada,î‚°+1 905-374-8184
http://www.niagaradentures.com/,Results,"îƒˆ5652 Main St, Niagara Falls, ON L2G 5Z3, Canada",ON L2G 5Z3,Canada,î‚°+1 905-357-5542
https://www.ivorydentalstudio.ca/,Results,"îƒˆ5932 Dorchester Rd, Niagara Falls, ON L2G 5S9, Canada",ON L2G 5S9,Canada,î‚°+1 289-296-0720
https://www.orthowny.com/,Results,"îƒˆ2103 Sawyer Dr, Niagara Falls, NY 14304",Niagara Falls,NY,î‚°(716) 703-1699
http://www.niagaraorthodontics.com/,Results,"îƒˆ4072 Portage Rd, Niagara Falls, ON L2E 6A3, Canada",ON L2E 6A3,Canada,î‚°+1 905-357-9211
http://www.frizzelldental.com/,Results,"îƒˆ6144 McLeod Rd, Niagara Falls, ON L2G 7P5, Canada",ON L2G 7P5,Canada,î‚°+1 905-356-8613
http://niagarafallsdentalclinic.com/,Results,"îƒˆ4728 Dorchester Rd #3, Niagara Falls, ON L2E 7H9, Canada",ON L2E 7H9,Canada,î‚°+1 905-358-8586
http://www.manenteortho.com/,Results,"îƒˆ2840 Military Rd, Niagara Falls, NY 14304",Niagara Falls,NY,î‚°(716) 285-3588
https://saberton.ca/,Results,"îƒˆ6453 Morrison St Unit 309, Niagara Falls, ON L2E 7H1, Canada",ON L2E 7H1,Canada,î‚°+1 905-354-2223
https://www.krezedenturecentre.ca/,Results,"îƒˆ4535 Queen St, Niagara Falls, ON L2E 2L4, Canada",ON L2E 2L4,Canada,î‚°+1 905-356-3385
